67,利用
53,公園
49,.
44,禁止
43,犬
31,こと
29,者
29,ご
24,危険
23,1
22,使用
22,2
21,花火
20,ゴミ
20,内
19,等
18,フン
17,迷惑
16,ゴルフ
16,他
15,方
14,管理
14,3
13,乗り入れ
13,飼い主
13,みんな
13,もの
12,野球
12,広場
12,場所
12,(
11,みなさま
11,ルール
11,近所
11,条例
11,動物
11,)
10,バイク
10,草花
10,散歩
10,大切
10,以外
10,音
10,市
10,場
9,海の公園
9,避難
9,球技
9,横浜
9,5
8,ロケット
8,ボール
8,樹木
8,放置
8,場合
8,とき
8,条
8,時
7,ビーチバレー
7,コート
7,許可
7,火気
7,時間
7,よう
7,貝
7,次
7,7
7,6
7,4
6,サッカー
6,お願い
6,遊び
6,深夜
6,早朝
6,愛護
6,協力
6,ふん
6,ため
6,綱
6,お
6,8
5,バーベキュー
5,オートバイ
5,バクチク
5,マナー
5,注意
5,投棄
5,承認
5,以上
5,際
5,車
5,後
5,家
5,会
5,人
4,キャンプ
4,めいわく
4,トイレ
4,アサリ
4,その他
4,釣り
4,違反
4,練習
4,清掃
4,採取
4,指定
4,必要
4,広域
4,始末
4,厳禁
4,区域
4,公共
4,保護
4,事故
4,不法
4,月
4,号
4,上
4,の
4,cm
3,ゲートボール
3,おねがい
3,ペット
3,こちら
3,きれい
3,駐車
3,金沢
3,近隣
3,責任
3,訓練
3,荷物
3,自分
3,確認
3,登録
3,犯罪
3,施設
3,所有
3,委員
3,土地
3,各自
3,以下
3,事項
3,予約
3,下記
3,まつ
3,ほか
3,それ
3,項
3,所
3,各
3,側
3,一
3,:
3,50
2,トイレットペーパー
2,鉄筋コンクリート
2,ソフトボール
2,潮干狩り
2,放し飼い
2,持ち帰り
2,スケート
2,みなさん
2,自転車
2,神奈川
2,横須賀
2,抜け毛
2,土曜日
2,ボード
2,ネット
2,トンビ
2,お子様
2,お互い
2,あさり
2,非常
2,開場
2,野島
2,配慮
2,遺棄
2,運営
2,連絡
2,迷子
2,農地
2,行為
2,自由
2,罰金
2,絶対
2,禁煙
2,砂場
2,相談
2,用具
2,爆竹
2,火災
2,漁業
2,漁具
2,津波
2,法律
2,水道
2,松風
2,方々
2,所定
2,山林
2,少年
2,家庭
2,大会
2,地震
2,地元
2,園内
2,団体
2,器具
2,喫煙
2,取り
2,参考
2,住民
2,休憩
2,下旬
2,一帯
2,ケガ
2,まき
2,つき
2,ごみ
2,かな
2,かぜ
2,選
2,缶
2,網
2,県
2,猫
2,状
2,物
2,柵
2,木
2,書
2,外
2,声
2,円
2,中
2,万
2,わ
2,さ
2,17
1,エディケーションボード
1,ニッポンハナダカバチ
1,レクリエーション
1,ボランティア
1,問い合わせ
1,リサイクル
1,マンション
1,アレルギー
1,野島公園
1,貸し切り
1,粗大ごみ
1,立ち入り
1,申し込み
1,投げ入れ
1,メートル
1,マフラー
1,ホルダー
1,ペーパー
1,ブランコ
1,フレンズ
1,ビニール
1,トラブル
1,センター
1,スポーツ
1,スパイク
1,スコップ
1,クリーン
1,オープン
1,こうえん
1,お知らせ
1,おしっこ
1,いたずら
1,食べ物
1,釣り針
1,釣り糸
1,遊び場
1,置き場
1,空き缶
1,皆さん
1,生き物
1,滑り台
1,海水浴
1,水遊び
1,最低限
1,手持ち
1,子育て
1,公会堂
1,保育園
1,事務所
1,乗り物
1,リード
1,ラップ
1,ヨット
1,ボート
1,フード
1,ビーチ
1,テレビ
1,タバコ
1,センタ
1,ケンカ
1,クラブ
1,クサリ
1,ガラス
1,ょれん
1,とおり
1,ごみ箱
1,お誘い
1,お待ち
1,おかげ
1,高台
1,飲食
1,食物
1,頑丈
1,静か
1,防止
1,関係
1,間隔
1,鉄骨
1,都合
1,部分
1,適用
1,遠慮
1,道路
1,過料
1,運動
1,遊具
1,連れ
1,軽易
1,軟式
1,資源
1,貴重
1,貝殻
1,護岸
1,警察
1,警報
1,設備
1,規制
1,補完
1,虐待
1,苦手
1,苦情
1,花壇
1,航空
1,自己
1,自宅
1,肥料
1,罰則
1,線香
1,綺麗
1,網目
1,絶滅
1,給食
1,結果
1,紛失
1,粗大
1,空襲
1,種目
1,移動
1,福祉
1,確保
1,砂浜
1,砂地
1,看板
1,直接
1,目的
1,目安
1,盗難
1,皆様
1,発行
1,申込
1,用意
1,生物
1,生活
1,生命
1,環境
1,理解
1,現状
1,現在
1,状況
1,特別
1,物語
1,無料
1,清潔
1,海軍
1,海浜
1,海抜
1,海岸
1,浴場
1,浜風
1,洗車
1,水域
1,気象
1,毎月
1,残り
1,次第
1,欠落
1,機会
1,植物
1,案内
1,景勝
1,既知
1,方法
1,新人
1,整備
1,教室
1,撤去
1,損害
1,揺れ
1,掩体
1,採り
1,持参
1,手術
1,戦闘
1,懲役
1,愛情
1,想像
1,情報
1,怪我
1,快適
1,復旧
1,徒歩
1,当面
1,弁償
1,建設
1,建物
1,廃棄
1,幼虫
1,幼児
1,常駐
1,希望
1,市立
1,展望
1,将来
1,対策
1,寺前
1,完了
1,安心
1,大量
1,大小
1,大人
1,夜間
1,夜中
1,多く
1,夕映
1,夏島
1,場外
1,地域
1,周辺
1,同士
1,各所
1,可能
1,受付
1,収納
1,去勢
1,厳守
1,南口
1,午後
1,十分
1,勧告
1,劣化
1,制限
1,判断
1,分煙
1,内容
1,公平
1,入園
1,元気
1,健康
1,保健
1,体調
1,休止
1,以後
1,以内
1,付属
1,交通
1,事業
1,事前
1,主催
1,中止
1,不幸
1,不妊
1,不在
1,不可
1,不便
1,上記
1,一部
1,マキ
1,ハチ
1,ハエ
1,スト
1,エサ
1,アブ
1,わけ
1,まま
1,ふく
1,ひも
1,ねこ
1,だれ
1,そく
1,ざお
1,ごと
1,ここ
1,くつ
1,かご
1,えさ
1,あと
1,面
1,階
1,隊
1,間
1,量
1,達
1,造
1,袋
1,署
1,空
1,私
1,目
1,町
1,生
1,片
1,炉
1,水
1,殻
1,機
1,横
1,様
1,棟
1,柴
1,旧
1,日
1,料
1,数
1,度
1,年
1,幅
1,巣
1,大
1,多
1,壕
1,壁
1,回
1,器
1,品
1,台
1,口
1,千
1,区
1,前
1,具
1,全
1,入
1,便
1,三
1,ら
1,す
1,こ
1,~
1,m
1,kg
1,9
1,350
1,31
1,30
1,26
1,25
1,15
1,10
1,00
1,-
1,)、
